,Months,Sales
0,Jan,1822256.729999914
1,Feb,2202022.4199999636
2,Mar,2807100.3800003603
3,Apr,3390670.240000704
4,May,3152606.750000553
5,Jun,2577802.260000178
6,Jul,2647775.7600002377
7,Aug,2244467.8799999943
8,Sep,2097560.129999891
9,Oct,3736726.8800009703
10,Nov,3199603.200000589
11,Dec,4613443.340001534
