Cities,Sales
 San Francisco,8262203.910004012
 Los Angeles,5452570.80000207
 New York City,4664317.430001556
 Boston,3661642.010000925
 Atlanta,2795498.5800003405
 Dallas,2767975.40000032
 Seattle,2747755.4800003143
 Portland,2320490.610000041
 Austin,1819581.7499999092
